classifier_name,archive_name,dataset_name,precision,accuracy,recall,duration
mlp,UCRArchive_2018,Adiac,0.1792938189201667,0.217391304347826,0.2196535821535821,496.69995498657227
mlp,UCRArchive_2018,Beef,0.6342857142857142,0.6333333333333333,0.6333333333333333,189.2948739528656
mlp,UCRArchive_2018,BeetleFly,0.9166666666666669,0.9,0.9,187.43213033676147
mlp,UCRArchive_2018,BirdChicken,0.6515151515151515,0.65,0.6499999999999999,188.6587488651276
mlp,UCRArchive_2018,ChlorineConcentration,0.6166632776645137,0.5484375,0.4002392700465754,1923.1530487537384
mlp,UCRArchive_2018,Computers,0.5691326696597045,0.568,0.5680000000000001,346.7227973937988
mlp,UCRArchive_2018,CricketY,0.6103009101035417,0.5846153846153846,0.5875387553836443,506.3674371242523
mlp,UCRArchive_2018,Crop,0.6963678943246743,0.705654761904762,0.705654761904762,9797.780230522156
mlp,UCRArchive_2018,Earthquakes,0.3653846153846153,0.6834532374100719,0.4567307692307692,339.1213798522949
mlp,UCRArchive_2018,ECG200,0.8734402852049911,0.88,0.8637152777777778,187.3429656028748
mlp,UCRArchive_2018,ECG5000,0.6105672169482088,0.9408888888888888,0.5448761206161103,2668.320919275284
mlp,UCRArchive_2018,ElectricDevices,0.5385312142817156,0.5868240176371418,0.5097118227749233,9330.120367765428
mlp,UCRArchive_2018,Haptics,0.4303174318448318,0.4545454545454545,0.4544113520649238,336.93665838241577
mlp,UCRArchive_2018,Herring,0.5753968253968254,0.5625,0.5769230769230769,252.8137321472168
mlp,UCRArchive_2018,InlineSkate,0.37604786309749,0.3254545454545454,0.33507084527913,466.40950202941895
mlp,UCRArchive_2018,Lightning2,0.755,0.7540983606557377,0.7483766233766234,222.25277638435364
mlp,UCRArchive_2018,Lightning7,0.588718820861678,0.6438356164383562,0.6245733381071726,218.8396987915039
mlp,UCRArchive_2018,MiddlePhalanxOutlineAgeGroup,0.5642213642213642,0.5844155844155844,0.4756559066903894,331.0480525493622
mlp,UCRArchive_2018,MiddlePhalanxTW,0.4202916259367872,0.6168831168831169,0.4423320158102766,381.7510089874268
mlp,UCRArchive_2018,MoteStrain,0.868501159209216,0.8690095846645367,0.8676988253418063,3870.126087903976
mlp,UCRArchive_2018,OliveOil,0.1,0.4,0.25,185.7182502746582
mlp,UCRArchive_2018,OSULeaf,0.5436175018880138,0.5330578512396694,0.5378187935253153,316.62298464775085
mlp,UCRArchive_2018,Phoneme,0.0394689532426744,0.1017932489451476,0.041476531992802,1163.2026035785675
mlp,UCRArchive_2018,ScreenType,0.439383768985759,0.432,0.432,490.677766084671
mlp,UCRArchive_2018,ShapesAll,0.7160772583682798,0.7216666666666667,0.7216666666666666,751.4822623729706
mlp,UCRArchive_2018,SmallKitchenAppliances,0.4224866259621174,0.416,0.416,489.322939157486
mlp,UCRArchive_2018,UWaveGestureLibraryAll,0.956106495363009,0.9550530429927416,0.955033345553044,2302.7884318828583
mlp,UCRArchive_2018,Wine,0.25,0.5,0.5,259.64364361763
mlp,UCRArchive_2018,WordSynonyms,0.4405394230108118,0.5642633228840125,0.4131693748465927,546.1786735057831
mlp,UCRArchive_2018,Worms,0.5717189314750291,0.5324675324675324,0.4970862470862471,214.6566915512085
mlp,UCRArchive_2018,Adiac,0.1978418326875677,0.2225063938618925,0.2340358215358216,501.4860987663269
mlp,UCRArchive_2018,Beef,0.8028571428571428,0.7666666666666667,0.7666666666666667,189.33995366096497
mlp,UCRArchive_2018,BeetleFly,0.8571428571428572,0.8,0.8,187.17244601249692
mlp,UCRArchive_2018,BirdChicken,0.7,0.7,0.7,188.99972248077395
mlp,UCRArchive_2018,ChlorineConcentration,0.6186209623643432,0.5458333333333333,0.3995706826354032,1856.63010430336
mlp,UCRArchive_2018,Computers,0.5615763546798029,0.56,0.56,341.60481691360474
mlp,UCRArchive_2018,CricketY,0.6116833242184533,0.5897435897435898,0.5896429226283068,499.270099401474
mlp,UCRArchive_2018,Crop,0.6972347800991331,0.7070833333333333,0.7070833333333333,9857.862375974655
mlp,UCRArchive_2018,Earthquakes,0.4990458015267175,0.7194244604316546,0.4997252747252747,338.0954554080963
mlp,UCRArchive_2018,ECG200,0.8786764705882353,0.88,0.8576388888888888,187.6191828250885
mlp,UCRArchive_2018,ECG5000,0.6049891241286117,0.9411111111111112,0.5397012449167768,2656.4292879104614
mlp,UCRArchive_2018,ElectricDevices,0.5342509867128048,0.5829334716638568,0.5082149729716081,9301.72061228752
mlp,UCRArchive_2018,Haptics,0.4175239658323697,0.435064935064935,0.4335507224252787,334.4123446941376
mlp,UCRArchive_2018,Herring,0.5916666666666667,0.5625,0.5890688259109311,253.51991295814517
mlp,UCRArchive_2018,InlineSkate,0.3638582950248829,0.3218181818181818,0.3302228303958415,462.6751437187195
mlp,UCRArchive_2018,Lightning2,0.721111111111111,0.7213114754098361,0.7153679653679654,220.49812388420105
mlp,UCRArchive_2018,Lightning7,0.5734552714366379,0.6164383561643836,0.5803556510323428,221.4957354068756
mlp,UCRArchive_2018,MiddlePhalanxOutlineAgeGroup,0.5958223006766696,0.5974025974025974,0.4936739247084074,328.6936151981354
mlp,UCRArchive_2018,MiddlePhalanxTW,0.4124830100329193,0.6103896103896104,0.4414229249011858,380.6357569694519
mlp,UCRArchive_2018,MoteStrain,0.863326891935935,0.8642172523961661,0.8635060016689133,3792.9124867916103
mlp,UCRArchive_2018,OliveOil,0.1,0.4,0.25,186.4116175174713
mlp,UCRArchive_2018,OSULeaf,0.5416017258372198,0.5289256198347108,0.5365540106029236,315.5114779472351
mlp,UCRArchive_2018,Phoneme,0.0313019694880207,0.0880801687763713,0.0359241951106554,1144.4057607650757
mlp,UCRArchive_2018,ScreenType,0.4155871292704723,0.4133333333333333,0.4133333333333333,488.3516426086426
mlp,UCRArchive_2018,ShapesAll,0.7506238655135713,0.7433333333333333,0.7433333333333333,749.2399973869324
mlp,UCRArchive_2018,SmallKitchenAppliances,0.4204905647346282,0.416,0.416,489.32587337493896
mlp,UCRArchive_2018,UWaveGestureLibraryAll,0.953344233623999,0.9522613065326632,0.9522681591870186,2227.8886818885803
mlp,UCRArchive_2018,Wine,0.25,0.5,0.5,263.1857070922852
mlp,UCRArchive_2018,WordSynonyms,0.4655170711025006,0.5768025078369906,0.4183350652793111,552.2771623134613
mlp,UCRArchive_2018,Worms,0.5735353535353536,0.5194805194805194,0.4627622377622378,217.05916333198547
mlp,UCRArchive_2018,Adiac,0.2455381938140559,0.227621483375959,0.2388962013962014,509.58909583091736
mlp,UCRArchive_2018,Beef,0.75,0.6666666666666666,0.6666666666666667,188.80320048332212
mlp,UCRArchive_2018,BeetleFly,0.8846153846153846,0.85,0.85,187.2130057811737
mlp,UCRArchive_2018,BirdChicken,0.6648351648351649,0.65,0.65,187.83828973770144
mlp,UCRArchive_2018,ChlorineConcentration,0.6230128415002364,0.5541666666666667,0.3986564932219405,1896.5590107440948
mlp,UCRArchive_2018,Computers,0.5896583202921231,0.588,0.5880000000000001,345.9220690727234
mlp,UCRArchive_2018,CricketY,0.5911646398464763,0.5692307692307692,0.571557243291462,506.00275182724
mlp,UCRArchive_2018,Crop,0.6991006950603763,0.7080357142857143,0.7080357142857142,9675.159711360931
mlp,UCRArchive_2018,Earthquakes,0.5426065162907268,0.7338129496402878,0.5093406593406593,336.6411001682281
mlp,UCRArchive_2018,ECG200,0.8645409317051108,0.87,0.8498263888888888,189.5339286327362
mlp,UCRArchive_2018,ECG5000,0.6166215335292436,0.9415555555555556,0.5474532743385032,2641.0970389842987
mlp,UCRArchive_2018,ElectricDevices,0.5330103461887904,0.5790429256905719,0.5084384353279832,9322.429381132126
mlp,UCRArchive_2018,Haptics,0.4319991310199388,0.448051948051948,0.4467222569938153,332.30025577545166
mlp,UCRArchive_2018,Herring,0.5795334040296924,0.546875,0.5759109311740891,250.9322259426117
mlp,UCRArchive_2018,InlineSkate,0.3805461558887494,0.3272727272727272,0.337196564704977,469.8105292320252
mlp,UCRArchive_2018,Lightning2,0.721111111111111,0.7213114754098361,0.7153679653679654,218.8383285999298
mlp,UCRArchive_2018,Lightning7,0.5868184955141477,0.6438356164383562,0.6184508891275808,216.4881589412689
mlp,UCRArchive_2018,MiddlePhalanxOutlineAgeGroup,0.5745098039215687,0.5909090909090909,0.4898860459205287,336.9536440372467
mlp,UCRArchive_2018,MiddlePhalanxTW,0.4062786675689901,0.6038961038961039,0.4312977602108037,378.4738714694977
mlp,UCRArchive_2018,MoteStrain,0.8761282170302749,0.8761980830670927,0.8744913023942487,3865.593990325928
mlp,UCRArchive_2018,OliveOil,0.1,0.4,0.25,187.6901996135712
mlp,UCRArchive_2018,OSULeaf,0.5478036829064825,0.5371900826446281,0.5398305649664347,317.0528631210327
mlp,UCRArchive_2018,Phoneme,0.0407908108294889,0.0965189873417721,0.0415135977894859,1153.515543460846
mlp,UCRArchive_2018,ScreenType,0.4428414649441866,0.4346666666666666,0.4346666666666667,484.3694825172424
mlp,UCRArchive_2018,ShapesAll,0.74508917008917,0.7316666666666667,0.7316666666666666,739.6450827121735
mlp,UCRArchive_2018,SmallKitchenAppliances,0.4199639410508467,0.4186666666666667,0.4186666666666667,488.07245659828186
mlp,UCRArchive_2018,UWaveGestureLibraryAll,0.9540505370078244,0.9525404801786712,0.9525756765630996,2321.291614294052
mlp,UCRArchive_2018,Wine,0.25,0.5,0.5,264.41844868659973
mlp,UCRArchive_2018,WordSynonyms,0.4455575138925801,0.5595611285266457,0.4061063709963571,557.0296530723572
mlp,UCRArchive_2018,Worms,0.6463956639566396,0.5844155844155844,0.53997668997669,218.95415592193604
lstmfcn,UCRArchive_2018,Adiac,0.8506762381762382,0.8414322250639387,0.8479104604104604,125.2400016784668
lstmfcn,UCRArchive_2018,Beef,0.8400000000000001,0.8,0.8,49.95756936073303
lstmfcn,UCRArchive_2018,BeetleFly,0.9166666666666669,0.9,0.9,45.21849870681763
lstmfcn,UCRArchive_2018,BirdChicken,0.9166666666666669,0.9,0.9,44.86328935623169
lstmfcn,UCRArchive_2018,ChlorineConcentration,0.79700200417364,0.81171875,0.7740340995305357,291.9676070213318
lstmfcn,UCRArchive_2018,Computers,0.7889060092449922,0.788,0.788,186.6481466293335
lstmfcn,UCRArchive_2018,CricketY,0.7616412573478156,0.7512820512820513,0.7550344854257903,157.66533422470093
lstmfcn,UCRArchive_2018,Crop,0.735280618094582,0.7402380952380953,0.7402380952380953,1145.5481188297272
lstmfcn,UCRArchive_2018,Earthquakes,0.6814304461942258,0.762589928057554,0.5759615384615384,168.93008518218994
lstmfcn,UCRArchive_2018,ECG200,0.8957219251336899,0.9,0.8854166666666667,46.3789381980896
lstmfcn,UCRArchive_2018,ECG5000,0.6725100376747861,0.9393333333333334,0.5624623779532592,329.8113594055176
lstmfcn,UCRArchive_2018,ElectricDevices,0.693090288547678,0.731033588380236,0.6302019158195247,1327.2187836170197
lstmfcn,UCRArchive_2018,Haptics,0.4645623941276114,0.461038961038961,0.4630368212996967,217.53231573104856
lstmfcn,UCRArchive_2018,Herring,0.6602564102564102,0.65625,0.6012145748987854,66.60596060752869
lstmfcn,UCRArchive_2018,InlineSkate,0.4793102657331017,0.4509090909090909,0.4841063430876762,347.7739431858063
lstmfcn,UCRArchive_2018,Lightning2,0.7368131868131869,0.7377049180327869,0.7332251082251082,65.40896391868591
lstmfcn,UCRArchive_2018,Lightning7,0.8263038548752835,0.7945205479452054,0.7842463301109918,53.94038414955139
lstmfcn,UCRArchive_2018,MiddlePhalanxOutlineAgeGroup,0.4907308377896613,0.551948051948052,0.4616870004801039,80.11646676063538
lstmfcn,UCRArchive_2018,MiddlePhalanxTW,0.3450623024791823,0.5,0.3566864295125165,81.84273600578308
lstmfcn,UCRArchive_2018,MoteStrain,0.9282302810283344,0.9281150159744408,0.9270428140445472,90.91475224494934
lstmfcn,UCRArchive_2018,OliveOil,0.7886904761904762,0.7333333333333333,0.6138888888888888,53.04053568840027
lstmfcn,UCRArchive_2018,OSULeaf,0.9361952773051488,0.9338842975206612,0.9251068526883746,117.059428691864
lstmfcn,UCRArchive_2018,Phoneme,0.1597046257457658,0.2468354430379747,0.1393080579134779,568.6125643253326
lstmfcn,UCRArchive_2018,ScreenType,0.5405426955409839,0.5386666666666666,0.5386666666666667,270.50686407089233
lstmfcn,UCRArchive_2018,ShapesAll,0.8923524161024159,0.885,0.8849999999999999,321.39500308036804
lstmfcn,UCRArchive_2018,SmallKitchenAppliances,0.5959111339852462,0.5946666666666667,0.5946666666666667,269.11362314224243
lstmfcn,UCRArchive_2018,UWaveGestureLibraryAll,0.9587954921957476,0.9581239530988276,0.9581562155267342,1247.4954538345337
lstmfcn,UCRArchive_2018,Wine,0.7547169811320755,0.5185185185185185,0.5185185185185185,52.293434381484985
lstmfcn,UCRArchive_2018,WordSynonyms,0.6067187362328539,0.6520376175548589,0.5124923269677193,134.80009627342224
lstmfcn,UCRArchive_2018,Worms,0.7849798981506299,0.7532467532467533,0.7165268065268066,153.678405046463
lstmfcn,UCRArchive_2018,Adiac,0.8382276961224331,0.8235294117647058,0.8293158418158417,122.9425597190857
lstmfcn,UCRArchive_2018,Beef,0.92,0.8666666666666667,0.8666666666666666,49.74134612083435
lstmfcn,UCRArchive_2018,BeetleFly,0.9166666666666669,0.9,0.9,44.731693267822266
lstmfcn,UCRArchive_2018,BirdChicken,0.9166666666666669,0.9,0.9,44.39036202430725
lstmfcn,UCRArchive_2018,ChlorineConcentration,0.7594263308848087,0.7783854166666667,0.7581885242525551,286.8634696006775
lstmfcn,UCRArchive_2018,Computers,0.7680686255681455,0.768,0.768,186.5424427986145
lstmfcn,UCRArchive_2018,CricketY,0.7865864347134721,0.7743589743589744,0.7760930989968156,157.69858360290527
lstmfcn,UCRArchive_2018,Crop,0.7337646864304314,0.738452380952381,0.738452380952381,1146.647479057312
lstmfcn,UCRArchive_2018,Earthquakes,0.6391228070175439,0.7410071942446043,0.6089285714285715,166.543963432312
lstmfcn,UCRArchive_2018,ECG200,0.8786764705882353,0.88,0.8576388888888888,46.10073447227478
lstmfcn,UCRArchive_2018,ECG5000,0.7392737750401812,0.9435555555555556,0.5813449748887208,327.7472867965698
lstmfcn,UCRArchive_2018,ElectricDevices,0.7190195126828297,0.7332382310984308,0.6384319461258349,1351.4863801002502
lstmfcn,UCRArchive_2018,Haptics,0.5036905059598233,0.461038961038961,0.461065330129016,212.4896376132965
lstmfcn,UCRArchive_2018,Herring,0.6041666666666667,0.625,0.5809716599190283,62.77950954437256
lstmfcn,UCRArchive_2018,InlineSkate,0.4683934906567871,0.4363636363636363,0.4610629016217217,347.22869634628296
lstmfcn,UCRArchive_2018,Lightning2,0.7527233115468409,0.7540983606557377,0.751082251082251,65.19967007637024
lstmfcn,UCRArchive_2018,Lightning7,0.8511904761904762,0.8356164383561644,0.8201097983052871,53.718058347702026
lstmfcn,UCRArchive_2018,MiddlePhalanxOutlineAgeGroup,0.4664367816091954,0.538961038961039,0.4488901126832161,80.59759497642517
lstmfcn,UCRArchive_2018,MiddlePhalanxTW,0.3448993816640875,0.4935064935064935,0.3590554614467658,80.90238285064697
lstmfcn,UCRArchive_2018,MoteStrain,0.9164861519418226,0.9161341853035144,0.9146735990756788,88.61529064178467
lstmfcn,UCRArchive_2018,OliveOil,0.2254464285714285,0.4666666666666667,0.4166666666666666,55.34682559967041
lstmfcn,UCRArchive_2018,OSULeaf,0.8882640954616351,0.8966942148760331,0.8753850617981053,117.05433106422424
lstmfcn,UCRArchive_2018,Phoneme,0.1528680103646692,0.2521097046413502,0.1416403469234345,566.7302243709564
lstmfcn,UCRArchive_2018,ScreenType,0.5528614288772171,0.5493333333333333,0.5493333333333333,268.23331928253174
lstmfcn,UCRArchive_2018,ShapesAll,0.8921242183742183,0.89,0.89,321.9240753650665
lstmfcn,UCRArchive_2018,SmallKitchenAppliances,0.5870319167093361,0.5866666666666667,0.5866666666666667,267.36536717414856
lstmfcn,UCRArchive_2018,UWaveGestureLibraryAll,0.955697658517278,0.954494695700726,0.9545033608389092,1247.79279255867
lstmfcn,UCRArchive_2018,Wine,0.25,0.5,0.5,48.63915157318115
lstmfcn,UCRArchive_2018,WordSynonyms,0.6067043327258594,0.6567398119122257,0.5105595228704014,135.63061952590942
lstmfcn,UCRArchive_2018,Worms,0.6545182724252492,0.6493506493506493,0.5696969696969697,153.87891626358032
lstmfcn,UCRArchive_2018,Adiac,0.8550126300126301,0.8363171355498721,0.8416110916110915,125.8677144050598
lstmfcn,UCRArchive_2018,Beef,0.8266666666666668,0.7666666666666667,0.7666666666666667,54.16149568557739
lstmfcn,UCRArchive_2018,BeetleFly,0.8846153846153846,0.85,0.85,45.25604248046875
lstmfcn,UCRArchive_2018,BirdChicken,0.9166666666666669,0.9,0.9,45.17859292030335
lstmfcn,UCRArchive_2018,ChlorineConcentration,0.7775215755253484,0.7989583333333333,0.770873200433383,293.6622726917267
lstmfcn,UCRArchive_2018,Computers,0.7445634742446596,0.744,0.744,188.90250182151797
lstmfcn,UCRArchive_2018,CricketY,0.7795010033178719,0.7692307692307693,0.7722897085633663,160.1352436542511
lstmfcn,UCRArchive_2018,Crop,0.7345075404576119,0.7388690476190476,0.7388690476190476,1202.400539636612
lstmfcn,UCRArchive_2018,Earthquakes,0.6744719926538109,0.762589928057554,0.6043956043956045,168.41301560401917
lstmfcn,UCRArchive_2018,ECG200,0.8734402852049911,0.88,0.8637152777777778,47.12980818748474
lstmfcn,UCRArchive_2018,ECG5000,0.7566392237261289,0.9388888888888888,0.5516594243204506,341.7112624645233
lstmfcn,UCRArchive_2018,ElectricDevices,0.7084439986846861,0.7382959408637012,0.6403361510573299,1369.5552191734314
lstmfcn,UCRArchive_2018,Haptics,0.50175983436853,0.474025974025974,0.4709354055264298,216.7490737438202
lstmfcn,UCRArchive_2018,Herring,0.56,0.59375,0.5425101214574899,65.56506085395813
lstmfcn,UCRArchive_2018,InlineSkate,0.4968947754217184,0.4890909090909091,0.4968532806924984,349.89097595214844
lstmfcn,UCRArchive_2018,Lightning2,0.7703296703296704,0.7704918032786885,0.7662337662337663,65.35849642753601
lstmfcn,UCRArchive_2018,Lightning7,0.8133410449199923,0.7671232876712328,0.7588495047141663,54.1373507976532
lstmfcn,UCRArchive_2018,MiddlePhalanxOutlineAgeGroup,0.463027031448084,0.525974025974026,0.451756615549719,82.50622630119324
lstmfcn,UCRArchive_2018,MiddlePhalanxTW,0.3684589300715061,0.5324675324675324,0.3687088274044796,83.41419506072998
lstmfcn,UCRArchive_2018,MoteStrain,0.9239907379442264,0.9233226837060704,0.9217176968996724,97.191148519516
lstmfcn,UCRArchive_2018,OliveOil,0.3808479532163742,0.5333333333333333,0.4027777777777778,55.18148279190064
lstmfcn,UCRArchive_2018,OSULeaf,0.8765243468753167,0.8884297520661157,0.869831662902315,118.57869815826416
lstmfcn,UCRArchive_2018,Phoneme,0.1759732548158278,0.2478902953586498,0.1448098218604466,571.177976846695
lstmfcn,UCRArchive_2018,ScreenType,0.5450037034456239,0.544,0.544,271.3079059123993
lstmfcn,UCRArchive_2018,ShapesAll,0.9063631738631736,0.8966666666666666,0.8966666666666665,324.0571188926697
lstmfcn,UCRArchive_2018,SmallKitchenAppliances,0.5830299471520846,0.5866666666666667,0.5866666666666667,270.3212687969208
lstmfcn,UCRArchive_2018,UWaveGestureLibraryAll,0.9597135285020324,0.9586823003908432,0.9587381864756428,1258.744627714157
lstmfcn,UCRArchive_2018,Wine,0.7684659090909092,0.7592592592592593,0.7592592592592593,52.07943654060364
lstmfcn,UCRArchive_2018,WordSynonyms,0.6045313904381451,0.6536050156739812,0.521234042134277,139.25348663330078
lstmfcn,UCRArchive_2018,Worms,0.7667914438502674,0.7402597402597403,0.7241142191142191,155.06915473937988
emn_cv,UCRArchive_2018,Adiac,0.6804740324477166,0.6445012787723785,0.644986844986845,34.124415159225464
emn_cv,UCRArchive_2018,Beef,0.8833333333333334,0.8666666666666667,0.8666666666666668,7.846067190170288
emn_cv,UCRArchive_2018,BeetleFly,0.9,0.9,0.9,3.818540334701538
emn_cv,UCRArchive_2018,BirdChicken,0.9166666666666669,0.9,0.9,3.898418426513672
emn_cv,UCRArchive_2018,ChlorineConcentration,0.8242048338550214,0.82265625,0.7948937772129412,44.028191566467285
emn_cv,UCRArchive_2018,Computers,0.6453584955811018,0.64,0.64,54.77607011795044
emn_cv,UCRArchive_2018,CricketY,0.7561809000766089,0.7461538461538462,0.7511376991390528,32.0410418510437
emn_cv,UCRArchive_2018,Crop,0.6547915332657571,0.6588095238095238,0.6588095238095238,241.9590029716492
emn_cv,UCRArchive_2018,Earthquakes,0.3741007194244604,0.7482014388489209,0.5,62.94630670547485
emn_cv,UCRArchive_2018,ECG200,0.8380952380952381,0.84,0.8081597222222222,5.594676494598389
emn_cv,UCRArchive_2018,ECG5000,0.6200364075408775,0.9124444444444444,0.5878563693377703,36.57939648628235
emn_cv,UCRArchive_2018,ElectricDevices,0.6550743637127617,0.6923874983789392,0.5929885884536394,400.39246225357056
emn_cv,UCRArchive_2018,Haptics,0.4314010212882084,0.448051948051948,0.4450889092672231,148.86578679084778
emn_cv,UCRArchive_2018,Herring,0.6014778325123153,0.609375,0.604251012145749,15.64965271949768
emn_cv,UCRArchive_2018,InlineSkate,0.4689537627986012,0.38,0.4083153626905473,159.18056964874268
emn_cv,UCRArchive_2018,Lightning2,0.8414634146341464,0.7868852459016393,0.803030303030303,12.699600219726562
emn_cv,UCRArchive_2018,Lightning7,0.8242063492063492,0.8082191780821918,0.8310776942355889,9.329162120819092
emn_cv,UCRArchive_2018,MiddlePhalanxOutlineAgeGroup,0.4474503385642309,0.5064935064935064,0.4376570928295066,16.01519799232483
emn_cv,UCRArchive_2018,MiddlePhalanxTW,0.3999742769307987,0.5584415584415584,0.3719367588932806,19.350809812545776
emn_cv,UCRArchive_2018,MoteStrain,0.912168813058814,0.9129392971246006,0.9128429295846974,3.9459619522094727
emn_cv,UCRArchive_2018,OliveOil,0.2611607142857143,0.5333333333333333,0.3680555555555556,6.68834400177002
emn_cv,UCRArchive_2018,OSULeaf,0.8735462404616633,0.8677685950413223,0.8357880042662651,30.442225456237797
emn_cv,UCRArchive_2018,Phoneme,0.0978482037513684,0.2062236286919831,0.0973610170613528,133.70377373695374
emn_cv,UCRArchive_2018,ScreenType,0.4290559302014602,0.4106666666666667,0.4106666666666667,79.151291847229
emn_cv,UCRArchive_2018,ShapesAll,0.8764875402375403,0.8566666666666667,0.8566666666666668,76.53851342201233
emn_cv,UCRArchive_2018,SmallKitchenAppliances,0.6822664994276862,0.6853333333333333,0.6853333333333333,78.4348623752594
emn_cv,UCRArchive_2018,UWaveGestureLibraryAll,0.9704632604435908,0.9704075935231714,0.9704376142983674,512.2131147384644
emn_cv,UCRArchive_2018,Wine,0.25,0.5,0.5,7.838856220245361
emn_cv,UCRArchive_2018,WordSynonyms,0.613870357073237,0.6473354231974922,0.5050507205924095,37.662290811538696
emn_cv,UCRArchive_2018,Worms,0.8300000000000001,0.7532467532467533,0.6415384615384615,55.32391214370728
emn_cv,UCRArchive_2018,Adiac,0.6972490501902268,0.6726342710997443,0.6735455235455236,34.21667695045471
emn_cv,UCRArchive_2018,Beef,0.8277777777777778,0.7666666666666667,0.7666666666666667,7.867018222808838
emn_cv,UCRArchive_2018,BeetleFly,0.763157894736842,0.55,0.55,3.81362509727478
emn_cv,UCRArchive_2018,BirdChicken,0.9166666666666669,0.9,0.9,3.829315662384033
emn_cv,UCRArchive_2018,ChlorineConcentration,0.8141358816090346,0.8291666666666667,0.8222595912042355,43.978426933288574
emn_cv,UCRArchive_2018,Computers,0.6861174134997163,0.668,0.6679999999999999,54.67066955566406
emn_cv,UCRArchive_2018,CricketY,0.7420511121779918,0.7282051282051282,0.7304277583258926,31.5830340385437
emn_cv,UCRArchive_2018,Crop,0.6588520989474079,0.6633333333333333,0.6633333333333333,235.64841294288635
emn_cv,UCRArchive_2018,Earthquakes,0.3741007194244604,0.7482014388489209,0.5,62.65955996513367
emn_cv,UCRArchive_2018,ECG200,0.8380952380952381,0.84,0.8081597222222222,5.24862003326416
emn_cv,UCRArchive_2018,ECG5000,0.7072813340956232,0.9415555555555556,0.5775161443657263,36.38295650482178
emn_cv,UCRArchive_2018,ElectricDevices,0.6659172064537558,0.6961483594864479,0.6125931768165008,398.3820056915283
emn_cv,UCRArchive_2018,Haptics,0.4139137690743979,0.3863636363636363,0.3824857739356985,148.81822156906128
emn_cv,UCRArchive_2018,Herring,0.6437246963562753,0.65625,0.6437246963562753,15.814643144607544
emn_cv,UCRArchive_2018,InlineSkate,0.4314959875502712,0.3690909090909091,0.3712628598852641,158.4486758708954
emn_cv,UCRArchive_2018,Lightning2,0.780885780885781,0.7704918032786885,0.7608225108225108,12.709656953811646
emn_cv,UCRArchive_2018,Lightning7,0.8194902319902319,0.821917808219178,0.8384473087480606,9.389497756958008
emn_cv,UCRArchive_2018,MiddlePhalanxOutlineAgeGroup,0.5177633944624236,0.564935064935065,0.4642922703267531,16.06991195678711
emn_cv,UCRArchive_2018,MiddlePhalanxTW,0.3512448321293899,0.538961038961039,0.3749670619235836,17.277973890304565
emn_cv,UCRArchive_2018,MoteStrain,0.9129983308847848,0.9137380191693292,0.913583670325438,3.8999719619750977
emn_cv,UCRArchive_2018,OliveOil,0.1,0.4,0.25,6.540862798690796
emn_cv,UCRArchive_2018,OSULeaf,0.8484222505623747,0.8429752066115702,0.80359181880921,30.33610248565674
emn_cv,UCRArchive_2018,Phoneme,0.1065942796273446,0.1729957805907173,0.092958405968895,133.0912482738495
emn_cv,UCRArchive_2018,ScreenType,0.4181260925163364,0.4426666666666666,0.4426666666666666,78.93048238754272
emn_cv,UCRArchive_2018,ShapesAll,0.8759534447034447,0.8533333333333334,0.8533333333333333,76.26879096031189
emn_cv,UCRArchive_2018,SmallKitchenAppliances,0.7023232323232323,0.704,0.7040000000000001,78.3135597705841
emn_cv,UCRArchive_2018,UWaveGestureLibraryAll,0.9755635243558703,0.975432719151312,0.975423375696486,509.4954919815064
emn_cv,UCRArchive_2018,Wine,0.25,0.5,0.5,7.810822248458862
emn_cv,UCRArchive_2018,WordSynonyms,0.6293194847027272,0.6442006269592476,0.4946123839566244,37.55321907997131
emn_cv,UCRArchive_2018,Worms,0.7825326435082534,0.7142857142857143,0.6094172494172494,55.19263172149658
emn_cv,UCRArchive_2018,Adiac,0.7091111811700047,0.6828644501278772,0.6858350358350357,33.917768239974976
emn_cv,UCRArchive_2018,Beef,0.8523809523809524,0.8333333333333334,0.8333333333333334,7.868239164352417
emn_cv,UCRArchive_2018,BeetleFly,0.8846153846153846,0.85,0.85,3.8975672721862793
emn_cv,UCRArchive_2018,BirdChicken,0.9166666666666669,0.9,0.9,3.789959669113159
emn_cv,UCRArchive_2018,ChlorineConcentration,0.8400746338162838,0.8138020833333334,0.7573245814557742,43.76719760894776
emn_cv,UCRArchive_2018,Computers,0.6136363636363636,0.612,0.6120000000000001,54.64579510688782
emn_cv,UCRArchive_2018,CricketY,0.7391398894722396,0.7102564102564103,0.7158484388850647,31.83527183532715
emn_cv,UCRArchive_2018,Crop,0.6557734234442661,0.6594642857142857,0.6594642857142857,235.74994802474976
emn_cv,UCRArchive_2018,Earthquakes,0.3741007194244604,0.7482014388489209,0.5,62.56350350379944
emn_cv,UCRArchive_2018,ECG200,0.8876204972095383,0.87,0.8315972222222222,5.289853096008301
emn_cv,UCRArchive_2018,ECG5000,0.7154477510118984,0.9406666666666668,0.5909739803081953,36.208117961883545
emn_cv,UCRArchive_2018,ElectricDevices,0.6412285524893101,0.681234599922189,0.585680592340686,398.3936309814453
emn_cv,UCRArchive_2018,Haptics,0.4192369552851183,0.4123376623376623,0.4111883343364998,148.87095880508423
emn_cv,UCRArchive_2018,Herring,0.6083333333333334,0.625,0.6052631578947368,15.703638553619385
emn_cv,UCRArchive_2018,InlineSkate,0.4268155824349051,0.3781818181818182,0.4138674989297364,158.35664248466492
emn_cv,UCRArchive_2018,Lightning2,0.853225806451613,0.8524590163934426,0.8555194805194806,12.763384103775024
emn_cv,UCRArchive_2018,Lightning7,0.8047619047619047,0.7945205479452054,0.8211779448621555,9.233246326446531
emn_cv,UCRArchive_2018,MiddlePhalanxOutlineAgeGroup,0.4368080349093007,0.487012987012987,0.447177977350391,16.05028200149536
emn_cv,UCRArchive_2018,MiddlePhalanxTW,0.3507063112326269,0.5324675324675324,0.3573451910408431,17.298176765441895
emn_cv,UCRArchive_2018,MoteStrain,0.9162705751684618,0.9169329073482428,0.9166724436741768,3.9171762466430655
emn_cv,UCRArchive_2018,OliveOil,0.1,0.4,0.25,6.570424795150757
emn_cv,UCRArchive_2018,OSULeaf,0.8706553076392707,0.8429752066115702,0.8061553030303031,30.63462829589844
emn_cv,UCRArchive_2018,Phoneme,0.0926929640645411,0.195675105485232,0.0897238060186285,132.9410743713379
emn_cv,UCRArchive_2018,ScreenType,0.4432583120204603,0.4506666666666666,0.4506666666666666,78.75087809562683
emn_cv,UCRArchive_2018,ShapesAll,0.8718884356384357,0.8466666666666667,0.8466666666666668,76.27399849891663
emn_cv,UCRArchive_2018,SmallKitchenAppliances,0.681574074074074,0.6853333333333333,0.6853333333333333,78.44607186317444
emn_cv,UCRArchive_2018,UWaveGestureLibraryAll,0.965817299490153,0.964824120603015,0.9649575608961992,510.0941712856293
emn_cv,UCRArchive_2018,Wine,0.25,0.5,0.5,7.744326114654541
emn_cv,UCRArchive_2018,WordSynonyms,0.6354657770608115,0.6520376175548589,0.5111756059083913,38.11830139160156
emn_cv,UCRArchive_2018,Worms,0.8114285714285714,0.7272727272727273,0.6667132867132868,55.13676261901856
inceptiontime,UCRArchive_2018,Adiac,0.8328065328065328,0.8388746803069054,0.841078741078741,0.0624921321868896
inceptiontime,UCRArchive_2018,Beef,0.7666666666666666,0.6666666666666666,0.6666666666666666,0.015620470046997
inceptiontime,UCRArchive_2018,BeetleFly,0.8846153846153846,0.85,0.85,0.0156464576721191
inceptiontime,UCRArchive_2018,BirdChicken,0.9545454545454546,0.95,0.95,0.0156223773956298
inceptiontime,UCRArchive_2018,ChlorineConcentration,0.8726952082215239,0.8755208333333333,0.8423047410883729,0.0312180519104003
inceptiontime,UCRArchive_2018,Computers,0.8120199692780339,0.812,0.812,0.015625
inceptiontime,UCRArchive_2018,CricketY,0.8629005599278727,0.8615384615384616,0.8636728813519406,0.0312409400939941
inceptiontime,UCRArchive_2018,Crop,0.7678059461722331,0.7721428571428571,0.7721428571428572,0.046889305114746
inceptiontime,UCRArchive_2018,Earthquakes,0.6296992481203008,0.7482014388489209,0.5284340659340659,0.0156469345092773
inceptiontime,UCRArchive_2018,ECG200,0.9402852049910874,0.94,0.9288194444444444,0.0156500339508056
inceptiontime,UCRArchive_2018,ECG5000,0.7098674146220831,0.9411111111111112,0.5798450387829223,0.0156219005584716
inceptiontime,UCRArchive_2018,ElectricDevices,0.6963653812987625,0.7163791985475295,0.6294201742895034,0.0156216621398925
inceptiontime,UCRArchive_2018,Haptics,0.5631157797462705,0.5551948051948052,0.5530666473302686,0.0155966281890869
inceptiontime,UCRArchive_2018,Herring,0.7350877192982456,0.734375,0.7034412955465588,0.0156240463256835
inceptiontime,UCRArchive_2018,InlineSkate,0.5244433114412942,0.5,0.5148740517499124,0.0312168598175048
inceptiontime,UCRArchive_2018,Lightning2,0.7859477124183006,0.7868852459016393,0.7840909090909092,0.0156469345092773
inceptiontime,UCRArchive_2018,Lightning7,0.8461513632566264,0.8356164383561644,0.8500835421888054,0.0156245231628417
inceptiontime,UCRArchive_2018,MiddlePhalanxOutlineAgeGroup,0.4766884531590414,0.5454545454545454,0.4735625123556158,0.0312426090240478
inceptiontime,UCRArchive_2018,MiddlePhalanxTW,0.391679166123212,0.5064935064935064,0.3798705481314177,0.0270712375640869
inceptiontime,UCRArchive_2018,MoteStrain,0.896565977990438,0.8945686900958466,0.8916541498170614,0.0156199932098388
inceptiontime,UCRArchive_2018,OliveOil,0.8782467532467533,0.8,0.7138888888888889,0.0312433242797851
inceptiontime,UCRArchive_2018,OSULeaf,0.9362055933484504,0.9297520661157024,0.9020923520923522,0.0312743186950683
inceptiontime,UCRArchive_2018,Phoneme,0.2479585637974686,0.3438818565400844,0.2193768824342281,0.0156219005584716
inceptiontime,UCRArchive_2018,ScreenType,0.578319637222766,0.5733333333333334,0.5733333333333334,0.0312423706054687
inceptiontime,UCRArchive_2018,ShapesAll,0.9370646945646944,0.9233333333333332,0.9233333333333332,0.0312435626983642
inceptiontime,UCRArchive_2018,SmallKitchenAppliances,0.7621836075098957,0.7626666666666667,0.7626666666666667,0.0156404972076416
inceptiontime,UCRArchive_2018,UWaveGestureLibraryAll,0.9522121485615576,0.9517029592406476,0.951902218364628,0.0239641666412353
inceptiontime,UCRArchive_2018,Wine,0.5794117647058823,0.5740740740740741,0.5740740740740741,0.0199460983276367
inceptiontime,UCRArchive_2018,WordSynonyms,0.7126629790360635,0.7507836990595611,0.6263235836349693,0.0209190845489501
inceptiontime,UCRArchive_2018,Worms,0.7971794871794871,0.7922077922077922,0.7533566433566434,0.0299203395843505
inceptiontime,UCRArchive_2018,Adiac,0.844986509692392,0.8363171355498721,0.837500675000675,0.0155971050262451
inceptiontime,UCRArchive_2018,Beef,0.7805555555555556,0.7,0.7,0.0312426090240478
inceptiontime,UCRArchive_2018,BeetleFly,0.8571428571428572,0.8,0.8,0.0156478881835937
inceptiontime,UCRArchive_2018,BirdChicken,0.9166666666666669,0.9,0.9,0.0179519653320312
inceptiontime,UCRArchive_2018,ChlorineConcentration,0.8674044366533842,0.8747395833333333,0.8435881675521134,0.0312182903289794
inceptiontime,UCRArchive_2018,Computers,0.8120199692780339,0.812,0.812,0.0156214237213134
inceptiontime,UCRArchive_2018,CricketY,0.8731258449992092,0.8717948717948718,0.8723003985657956,0.0312428474426269
inceptiontime,UCRArchive_2018,Crop,0.7718893408381323,0.7752976190476191,0.7752976190476191,0.0468652248382568
inceptiontime,UCRArchive_2018,Earthquakes,0.5416666666666666,0.7410071942446043,0.5046703296703297,0.0156464576721191
inceptiontime,UCRArchive_2018,ECG200,0.9097693351424694,0.91,0.8932291666666667,0.0156219005584716
inceptiontime,UCRArchive_2018,ECG5000,0.7100039668076062,0.94,0.5724014153036519,0.0156211853027343
inceptiontime,UCRArchive_2018,ElectricDevices,0.6882945573170399,0.7149526650239917,0.6264498171130795,0.031243085861206
inceptiontime,UCRArchive_2018,Haptics,0.5725837400320739,0.5616883116883117,0.5605178429157543,0.0090219974517822
inceptiontime,UCRArchive_2018,Herring,0.6761133603238867,0.6875,0.6761133603238867,0.0156469345092773
inceptiontime,UCRArchive_2018,InlineSkate,0.5149991735356508,0.4872727272727272,0.5019591635639683,0.0156493186950683
inceptiontime,UCRArchive_2018,Lightning2,0.7689393939393939,0.7704918032786885,0.7689393939393939,0.0156211853027343
inceptiontime,UCRArchive_2018,Lightning7,0.8117174142384227,0.8082191780821918,0.8350459482038429,0.031243085861206
inceptiontime,UCRArchive_2018,MiddlePhalanxOutlineAgeGroup,0.4423072330873749,0.512987012987013,0.4339892400237228,0.0156521797180175
inceptiontime,UCRArchive_2018,MiddlePhalanxTW,0.3658170533170533,0.5194805194805194,0.3705681033941903,0.0156216621398925
inceptiontime,UCRArchive_2018,MoteStrain,0.9017189137585738,0.9001597444089456,0.897594197316901,0.0312411785125732
inceptiontime,UCRArchive_2018,OliveOil,0.8933566433566434,0.8333333333333334,0.7638888888888888,0.0156214237213134
inceptiontime,UCRArchive_2018,OSULeaf,0.9383681696083156,0.9380165289256198,0.9198632285588806,0.1249856948852539
inceptiontime,UCRArchive_2018,Phoneme,0.2203055376703695,0.3386075949367088,0.2126767720100059,0.0312228202819824
inceptiontime,UCRArchive_2018,ScreenType,0.6025433086674697,0.5973333333333334,0.5973333333333333,0.0189781188964843
inceptiontime,UCRArchive_2018,ShapesAll,0.9399427886927886,0.9283333333333332,0.9283333333333332,0.0271549224853515
inceptiontime,UCRArchive_2018,SmallKitchenAppliances,0.7633363753835107,0.7626666666666667,0.7626666666666667,0.0156221389770507
inceptiontime,UCRArchive_2018,UWaveGestureLibraryAll,0.9512155526404772,0.9505862646566164,0.9507630648228096,0.0156209468841552
inceptiontime,UCRArchive_2018,Wine,0.5794117647058823,0.5740740740740741,0.5740740740740741,0.0156230926513671
inceptiontime,UCRArchive_2018,WordSynonyms,0.6503530395141273,0.7507836990595611,0.61685098857526,0.0156221389770507
inceptiontime,UCRArchive_2018,Worms,0.76511088011088,0.7922077922077922,0.7437412587412588,0.0156145095825195
inceptiontime,UCRArchive_2018,Adiac,0.8699502978914745,0.8567774936061381,0.8589914589914589,0.0312461853027343
inceptiontime,UCRArchive_2018,Beef,0.7805555555555556,0.7,0.7,0.0156219005584716
inceptiontime,UCRArchive_2018,BeetleFly,0.8846153846153846,0.85,0.85,0.0156216621398925
inceptiontime,UCRArchive_2018,BirdChicken,0.9166666666666669,0.9,0.9,0.0156214237213134
inceptiontime,UCRArchive_2018,ChlorineConcentration,0.8677881687665504,0.8723958333333334,0.8357111523066699,0.0156223773956298
inceptiontime,UCRArchive_2018,Computers,0.8040194572452637,0.804,0.804,0.0156211853027343
inceptiontime,UCRArchive_2018,CricketY,0.8583821600247804,0.8564102564102564,0.8573305814138154,0.0229327678680419
inceptiontime,UCRArchive_2018,Crop,0.7668804196413639,0.7708333333333334,0.7708333333333334,0.0468385219573974
inceptiontime,UCRArchive_2018,Earthquakes,0.5653625954198473,0.7338129496402878,0.5188186813186813,0.0312702655792236
inceptiontime,UCRArchive_2018,ECG200,0.9263736263736264,0.93,0.9210069444444444,0.0156476497650146
inceptiontime,UCRArchive_2018,ECG5000,0.6981863307960302,0.9395555555555556,0.5680152131721574,0.0156221389770507
inceptiontime,UCRArchive_2018,ElectricDevices,0.6944235794243705,0.7201400596550382,0.6332493878367502,0.0312154293060302
inceptiontime,UCRArchive_2018,Haptics,0.56797899610844,0.551948051948052,0.5513996589960775,0.0209052562713623
inceptiontime,UCRArchive_2018,Herring,0.6753246753246753,0.6875,0.6639676113360324,0.0156235694885253
inceptiontime,UCRArchive_2018,InlineSkate,0.4922649985428674,0.4745454545454545,0.4935276030512069,0.0156223773956298
inceptiontime,UCRArchive_2018,Lightning2,0.7703296703296704,0.7704918032786885,0.7662337662337663,0.0169544219970703
inceptiontime,UCRArchive_2018,Lightning7,0.8353083657705506,0.8356164383561644,0.854469507101086,0.0156219005584716
inceptiontime,UCRArchive_2018,MiddlePhalanxOutlineAgeGroup,0.4843904633378317,0.5454545454545454,0.481519528933322,0.0312418937683105
inceptiontime,UCRArchive_2018,MiddlePhalanxTW,0.3822715452660113,0.5194805194805194,0.381260534956187,0.031243085861206
inceptiontime,UCRArchive_2018,MoteStrain,0.8921384016356084,0.889776357827476,0.8865806534437384,0.0156238079071044
inceptiontime,UCRArchive_2018,OliveOil,0.9166666666666666,0.8666666666666667,0.7916666666666666,0.0156221389770507
inceptiontime,UCRArchive_2018,OSULeaf,0.9294826944645346,0.9297520661157024,0.9053704749356922,0.031217336654663
inceptiontime,UCRArchive_2018,Phoneme,0.2464720567589362,0.3380801687763713,0.2167435878219884,0.0249874591827392
inceptiontime,UCRArchive_2018,ScreenType,0.5874699236321791,0.5813333333333334,0.5813333333333333,0.0199894905090332
inceptiontime,UCRArchive_2018,ShapesAll,0.9483111333111331,0.9316666666666666,0.9316666666666666,0.0181136131286621
inceptiontime,UCRArchive_2018,SmallKitchenAppliances,0.7687420336334855,0.7706666666666667,0.7706666666666667,0.0149660110473632
inceptiontime,UCRArchive_2018,UWaveGestureLibraryAll,0.9509279345105248,0.9503070910106086,0.950511559532569,0.0199465751647949
inceptiontime,UCRArchive_2018,Wine,0.6483516483516484,0.6481481481481481,0.6481481481481481,0.0159573554992675
inceptiontime,UCRArchive_2018,WordSynonyms,0.7065667160211145,0.7507836990595611,0.6164232653104224,0.0239114761352539
inceptiontime,UCRArchive_2018,Worms,0.8126167076167077,0.8181818181818182,0.7791258741258742,0.020970344543457
rocket,UCRArchive_2018,Adiac,0.8087388962388964,0.7953964194373402,0.7972159597159596,1.1249921321868896
rocket,UCRArchive_2018,Beef,0.8666666666666668,0.8333333333333334,0.8333333333333334,0.2283985614776611
rocket,UCRArchive_2018,BeetleFly,0.9166666666666669,0.9,0.9,0.1805174350738525
rocket,UCRArchive_2018,BirdChicken,0.9166666666666669,0.9,0.9,0.196474552154541
rocket,UCRArchive_2018,ChlorineConcentration,0.8115713651053401,0.8158854166666667,0.7679379989452232,1.267601728439331
rocket,UCRArchive_2018,Computers,0.7560163850486431,0.756,0.756,2.575131416320801
rocket,UCRArchive_2018,CricketY,0.8602646600953543,0.8538461538461538,0.8553586263316847,1.790221929550171
rocket,UCRArchive_2018,Crop,0.7432472810238403,0.7520238095238095,0.7520238095238095,44.83004212379456
rocket,UCRArchive_2018,Earthquakes,0.3741007194244604,0.7482014388489209,0.5,2.468390703201294
rocket,UCRArchive_2018,ECG200,0.8914930555555556,0.9,0.8914930555555556,0.1795306205749511
rocket,UCRArchive_2018,ECG5000,0.712986137804817,0.9468888888888888,0.5683527344247823,1.180842638015747
rocket,UCRArchive_2018,ElectricDevices,0.6983061421749291,0.7274024121385034,0.6429231845542961,82.13763570785522
rocket,UCRArchive_2018,Haptics,0.5279715398969229,0.5194805194805194,0.5176700585325855,2.454420328140259
rocket,UCRArchive_2018,Herring,0.6580063626723224,0.671875,0.6508097165991903,0.4837164878845215
rocket,UCRArchive_2018,InlineSkate,0.4835343207156775,0.4654545454545454,0.4771579104331827,2.6638503074646
rocket,UCRArchive_2018,Lightning2,0.755,0.7540983606557377,0.7483766233766234,0.6382932662963867
rocket,UCRArchive_2018,Lightning7,0.8474069789859263,0.821917808219178,0.8091896407685881,0.3650240898132324
rocket,UCRArchive_2018,MiddlePhalanxOutlineAgeGroup,0.5705685618729097,0.6038961038961039,0.4765772826117653,0.6183464527130127
rocket,UCRArchive_2018,MiddlePhalanxTW,0.3670528817587641,0.5454545454545454,0.3689591567852437,0.6103682518005371
rocket,UCRArchive_2018,MoteStrain,0.918960433345324,0.9137380191693292,0.9096835483663906,0.039893627166748
rocket,UCRArchive_2018,OliveOil,0.9128787878787878,0.9,0.8541666666666666,0.263296365737915
rocket,UCRArchive_2018,OSULeaf,0.9411314896687236,0.9297520661157024,0.9115414627642888,1.278599500656128
rocket,UCRArchive_2018,Phoneme,0.1367817016857114,0.2795358649789029,0.1186019189158379,3.0388917922973637
rocket,UCRArchive_2018,ScreenType,0.4966964419595998,0.496,0.496,3.906582355499268
rocket,UCRArchive_2018,ShapesAll,0.9180231805231804,0.91,0.91,4.452078104019165
rocket,UCRArchive_2018,SmallKitchenAppliances,0.8047670003815911,0.8053333333333333,0.8053333333333335,3.883097887039185
rocket,UCRArchive_2018,UWaveGestureLibraryAll,0.9768034547444442,0.9765494137353434,0.976578052370768,11.9081711769104
rocket,UCRArchive_2018,Wine,0.8218793828892006,0.8148148148148148,0.8148148148148148,0.2323787212371826
rocket,UCRArchive_2018,WordSynonyms,0.7085629267376028,0.7554858934169278,0.6191158323752805,1.136969804763794
rocket,UCRArchive_2018,Worms,0.7176919776919777,0.7272727272727273,0.6997902097902097,2.327802419662476
rocket,UCRArchive_2018,Adiac,0.7943504693504695,0.7800511508951407,0.7797858672858672,1.1240057945251465
rocket,UCRArchive_2018,Beef,0.8533333333333335,0.8,0.8,0.2283892631530761
rocket,UCRArchive_2018,BeetleFly,0.9166666666666669,0.9,0.9,0.1805179119110107
rocket,UCRArchive_2018,BirdChicken,0.9166666666666669,0.9,0.9,0.1795196533203125
rocket,UCRArchive_2018,ChlorineConcentration,0.8054735228713823,0.8122395833333333,0.7655284612979871,1.2795875072479248
rocket,UCRArchive_2018,Computers,0.752064528519301,0.752,0.752,2.5661487579345703
rocket,UCRArchive_2018,CricketY,0.858325540674331,0.8538461538461538,0.8548259627502087,1.826127529144287
rocket,UCRArchive_2018,Crop,0.7423650007404256,0.75125,0.7512500000000001,44.94758415222168
rocket,UCRArchive_2018,Earthquakes,0.3741007194244604,0.7482014388489209,0.5,2.4674246311187744
rocket,UCRArchive_2018,ECG200,0.9043956043956044,0.91,0.8993055555555556,0.1825242042541504
rocket,UCRArchive_2018,ECG5000,0.7180025818228342,0.9468888888888888,0.5683527344247823,1.216731071472168
rocket,UCRArchive_2018,ElectricDevices,0.701049362852858,0.7319413824406692,0.6470072714082862,82.08632349967957
rocket,UCRArchive_2018,Haptics,0.526518075319264,0.525974025974026,0.5244497195495347,2.397588968276977
rocket,UCRArchive_2018,Herring,0.6753246753246753,0.6875,0.6639676113360324,0.4767360687255859
rocket,UCRArchive_2018,InlineSkate,0.4798049799581512,0.4654545454545454,0.4772993754882658,2.658888816833496
rocket,UCRArchive_2018,Lightning2,0.755,0.7540983606557377,0.7483766233766234,0.5734667778015137
rocket,UCRArchive_2018,Lightning7,0.8474069789859263,0.821917808219178,0.8091896407685881,0.3640267848968506
rocket,UCRArchive_2018,MiddlePhalanxOutlineAgeGroup,0.5705685618729097,0.6038961038961039,0.4765772826117653,0.64528489112854
rocket,UCRArchive_2018,MiddlePhalanxTW,0.3851938502673797,0.564935064935065,0.3837812911725955,0.6133682727813721
rocket,UCRArchive_2018,MoteStrain,0.9219409171725248,0.9161341853035144,0.9119057705886128,0.0408906936645507
rocket,UCRArchive_2018,OliveOil,0.9128787878787878,0.9,0.8541666666666666,0.2682828903198242
rocket,UCRArchive_2018,OSULeaf,0.9401057247909578,0.9297520661157024,0.908910533910534,1.2746012210845947
rocket,UCRArchive_2018,Phoneme,0.1381607538997293,0.2816455696202531,0.1191421585582076,3.141582727432251
rocket,UCRArchive_2018,ScreenType,0.5014449365704287,0.5013333333333333,0.5013333333333333,3.950448751449585
rocket,UCRArchive_2018,ShapesAll,0.9093898231398232,0.905,0.905,4.408215522766113
rocket,UCRArchive_2018,SmallKitchenAppliances,0.8150460370785119,0.816,0.8160000000000002,3.8701376914978023
rocket,UCRArchive_2018,UWaveGestureLibraryAll,0.9751125055156998,0.9748743718592964,0.974917218072862,11.930139064788818
rocket,UCRArchive_2018,Wine,0.8375,0.8333333333333334,0.8333333333333333,0.2293870449066162
rocket,UCRArchive_2018,WordSynonyms,0.7012315021314103,0.7523510971786834,0.6139579021828675,1.1439414024353027
rocket,UCRArchive_2018,Worms,0.7302255639097744,0.7402597402597403,0.7058508158508158,2.298853874206543
rocket,UCRArchive_2018,Adiac,0.8090524950045075,0.782608695652174,0.7802372927372926,1.1240057945251465
rocket,UCRArchive_2018,Beef,0.9,0.8666666666666667,0.8666666666666666,0.269280195236206
rocket,UCRArchive_2018,BeetleFly,0.9166666666666669,0.9,0.9,0.24235200881958
rocket,UCRArchive_2018,BirdChicken,0.9166666666666669,0.9,0.9,0.2174189090728759
rocket,UCRArchive_2018,ChlorineConcentration,0.8170759792720984,0.81953125,0.7713241827769312,1.2686002254486084
rocket,UCRArchive_2018,Computers,0.7680686255681455,0.768,0.768,2.5741331577301025
rocket,UCRArchive_2018,CricketY,0.8575978172529896,0.8487179487179487,0.8499976336983757,1.7543184757232666
rocket,UCRArchive_2018,Crop,0.7463118949561753,0.7551190476190476,0.7551190476190476,45.34383964538574
rocket,UCRArchive_2018,Earthquakes,0.3741007194244604,0.7482014388489209,0.5,2.4135375022888184
rocket,UCRArchive_2018,ECG200,0.9043956043956044,0.91,0.8993055555555556,0.2174189090728759
rocket,UCRArchive_2018,ECG5000,0.7198943271198981,0.9477777777777778,0.5666560838470435,1.1888389587402344
rocket,UCRArchive_2018,ElectricDevices,0.6933408998088325,0.726235248346518,0.6415346975032417,82.46232652664185
rocket,UCRArchive_2018,Haptics,0.5210514930711416,0.5162337662337663,0.5145450585325855,2.385631561279297
rocket,UCRArchive_2018,Herring,0.6753246753246753,0.6875,0.6639676113360324,0.4697444438934326
rocket,UCRArchive_2018,InlineSkate,0.4828274572339094,0.46,0.471650172833837,2.673840045928955
rocket,UCRArchive_2018,Lightning2,0.7742117117117118,0.7704918032786885,0.7635281385281385,0.5704836845397949
rocket,UCRArchive_2018,Lightning7,0.8404761904761904,0.8082191780821918,0.7972848788638263,0.342085599899292
rocket,UCRArchive_2018,MiddlePhalanxOutlineAgeGroup,0.5548494983277592,0.5909090909090909,0.4637803948148775,0.6113770008087158
rocket,UCRArchive_2018,MiddlePhalanxTW,0.3753455268800538,0.5584415584415584,0.3765349143610013,0.6143572330474854
rocket,UCRArchive_2018,MoteStrain,0.9173512807549712,0.9113418530351438,0.9069580846010656,0.0418877601623535
rocket,UCRArchive_2018,OliveOil,0.9128787878787878,0.9,0.8541666666666666,0.2652907371520996
rocket,UCRArchive_2018,OSULeaf,0.948826118855466,0.9380165289256198,0.918194954200389,1.2646188735961914
rocket,UCRArchive_2018,Phoneme,0.1232043174879442,0.2805907172995781,0.118866215727711,3.1645469665527344
rocket,UCRArchive_2018,ScreenType,0.4837051185894001,0.4826666666666667,0.4826666666666666,3.8337697982788086
rocket,UCRArchive_2018,ShapesAll,0.9189489214489214,0.9083333333333332,0.9083333333333334,4.397269487380981
rocket,UCRArchive_2018,SmallKitchenAppliances,0.8154787624468541,0.816,0.8160000000000002,3.9055676460266113
rocket,UCRArchive_2018,UWaveGestureLibraryAll,0.9765455625823888,0.9762702400893356,0.9763016358263568,12.060787916183472
rocket,UCRArchive_2018,Wine,0.7596153846153846,0.7592592592592593,0.7592592592592593,0.2293870449066162
rocket,UCRArchive_2018,WordSynonyms,0.7073504632977321,0.7539184952978056,0.6201176997889126,1.1409690380096436
rocket,UCRArchive_2018,Worms,0.6945259545259546,0.7272727272727273,0.6808508158508157,2.3068504333496094
rocket_tf,UCRArchive_2018,Adiac,0.7900653908006849,0.782608695652174,0.7808110808110807,8.524880647659302
rocket_tf,UCRArchive_2018,Beef,0.8444444444444444,0.8,0.8,6.631496906280518
rocket_tf,UCRArchive_2018,BeetleFly,0.8846153846153846,0.85,0.85,6.576014041900635
rocket_tf,UCRArchive_2018,BirdChicken,0.9166666666666669,0.9,0.9,6.240715026855469
rocket_tf,UCRArchive_2018,ChlorineConcentration,0.7982200302623287,0.7981770833333334,0.745023971803558,6.44890284538269
rocket_tf,UCRArchive_2018,Computers,0.7691022427864533,0.768,0.768,6.846498250961304
rocket_tf,UCRArchive_2018,CricketY,0.8475078928177401,0.8435897435897436,0.8449307389081158,6.5231897830963135
rocket_tf,UCRArchive_2018,Crop,0.7389264310177589,0.7473214285714286,0.7473214285714286,46.16539025306702
rocket_tf,UCRArchive_2018,Earthquakes,0.3741007194244604,0.7482014388489209,0.5,6.57153058052063
rocket_tf,UCRArchive_2018,ECG200,0.8914930555555556,0.9,0.8914930555555556,6.132564306259155
rocket_tf,UCRArchive_2018,ECG5000,0.714087124241887,0.9475555555555556,0.5633630851653829,6.368243932723999
rocket_tf,UCRArchive_2018,ElectricDevices,0.6765673573322566,0.7222150175074569,0.6319540702518462,75.1828236579895
rocket_tf,UCRArchive_2018,Haptics,0.5277295718407441,0.525974025974026,0.5236402077863168,6.8687896728515625
rocket_tf,UCRArchive_2018,Herring,0.6753246753246753,0.6875,0.6639676113360324,6.42357349395752
rocket_tf,UCRArchive_2018,InlineSkate,0.4639358630828225,0.4309090909090909,0.4352476635521899,7.515907287597656
rocket_tf,UCRArchive_2018,Lightning2,0.7742117117117118,0.7704918032786885,0.7635281385281385,6.446159601211548
rocket_tf,UCRArchive_2018,Lightning7,0.824829931972789,0.8082191780821918,0.8100250626566415,6.215092182159424
rocket_tf,UCRArchive_2018,MiddlePhalanxOutlineAgeGroup,0.5792377605200008,0.6168831168831169,0.4789319099663927,6.156332731246948
rocket_tf,UCRArchive_2018,MiddlePhalanxTW,0.3784536541889483,0.5584415584415584,0.3765349143610013,6.196593523025513
rocket_tf,UCRArchive_2018,MoteStrain,0.9163515309411966,0.9105431309904152,0.9062173438603248,5.978478193283081
rocket_tf,UCRArchive_2018,OliveOil,0.9128787878787878,0.9,0.8541666666666666,6.3512773513793945
rocket_tf,UCRArchive_2018,OSULeaf,0.936870902002481,0.9338842975206612,0.9121886567538744,6.356541395187378
rocket_tf,UCRArchive_2018,Phoneme,0.1191649752057893,0.2858649789029536,0.1177137716719801,6.822317838668823
rocket_tf,UCRArchive_2018,ScreenType,0.4212329634696255,0.424,0.424,6.616800308227539
rocket_tf,UCRArchive_2018,ShapesAll,0.9131707181707182,0.8983333333333333,0.8983333333333334,6.565000772476196
rocket_tf,UCRArchive_2018,SmallKitchenAppliances,0.7882818156502367,0.7893333333333333,0.7893333333333334,6.103819847106934
rocket_tf,UCRArchive_2018,UWaveGestureLibraryAll,0.974132031245326,0.9737576772752652,0.9738221361450204,7.16602635383606
rocket_tf,UCRArchive_2018,Wine,0.7420689655172414,0.7407407407407407,0.7407407407407407,6.198161840438843
rocket_tf,UCRArchive_2018,WordSynonyms,0.6955733057791881,0.7507836990595611,0.6122972426669449,6.2972822189331055
rocket_tf,UCRArchive_2018,Worms,0.7007322707322707,0.7142857142857143,0.6844055944055943,6.710108518600464
rocket_tf,UCRArchive_2018,Adiac,0.7953222828222829,0.7851662404092071,0.7827898452898453,6.177576303482056
rocket_tf,UCRArchive_2018,Beef,0.8444444444444444,0.8,0.8,6.0137107372283936
rocket_tf,UCRArchive_2018,BeetleFly,0.9166666666666669,0.9,0.9,5.991548776626587
rocket_tf,UCRArchive_2018,BirdChicken,0.9166666666666669,0.9,0.9,5.969521999359131
rocket_tf,UCRArchive_2018,ChlorineConcentration,0.8097073834909166,0.8171875,0.7718885092731061,6.179438352584839
rocket_tf,UCRArchive_2018,Computers,0.7442501121148055,0.744,0.744,6.008821964263916
rocket_tf,UCRArchive_2018,CricketY,0.8514773541702075,0.8461538461538461,0.8476153072298503,6.1164515018463135
rocket_tf,UCRArchive_2018,Crop,0.7387895196970623,0.7477380952380952,0.7477380952380952,45.13074588775635
rocket_tf,UCRArchive_2018,Earthquakes,0.3741007194244604,0.7482014388489209,0.5,6.04922890663147
rocket_tf,UCRArchive_2018,ECG200,0.8914930555555556,0.9,0.8914930555555556,5.8993964195251465
rocket_tf,UCRArchive_2018,ECG5000,0.7318628406213505,0.9462222222222222,0.5557705241821947,6.093401193618774
rocket_tf,UCRArchive_2018,ElectricDevices,0.6844449804649856,0.7229931267021139,0.637935232587945,75.2332832813263
rocket_tf,UCRArchive_2018,Haptics,0.5257595564798512,0.525974025974026,0.5241034090215202,6.04726767539978
rocket_tf,UCRArchive_2018,Herring,0.6406926406926408,0.65625,0.631578947368421,6.022634744644165
rocket_tf,UCRArchive_2018,InlineSkate,0.4498695610478142,0.4236363636363636,0.423781190257308,5.962133169174194
rocket_tf,UCRArchive_2018,Lightning2,0.7742117117117118,0.7704918032786885,0.7635281385281385,5.992584705352783
rocket_tf,UCRArchive_2018,Lightning7,0.8133307169021455,0.7945205479452054,0.7957393483709273,6.014590263366699
rocket_tf,UCRArchive_2018,MiddlePhalanxOutlineAgeGroup,0.5607226911574738,0.6038961038961039,0.4713561523906351,6.077566623687744
rocket_tf,UCRArchive_2018,MiddlePhalanxTW,0.3819258764111705,0.5584415584415584,0.3765349143610013,6.085258960723877
rocket_tf,UCRArchive_2018,MoteStrain,0.915534247735162,0.90814696485623,0.9032402593234484,5.908233642578125
rocket_tf,UCRArchive_2018,OliveOil,0.9128787878787878,0.9,0.8541666666666666,5.913414478302002
rocket_tf,UCRArchive_2018,OSULeaf,0.9488454925079832,0.9380165289256198,0.9197800991279254,6.033736705780029
rocket_tf,UCRArchive_2018,Phoneme,0.1145797705978407,0.2805907172995781,0.1153112229065791,5.97087550163269
rocket_tf,UCRArchive_2018,ScreenType,0.4484408420578633,0.448,0.4479999999999999,6.000054597854614
rocket_tf,UCRArchive_2018,ShapesAll,0.9106431531431533,0.9,0.9000000000000001,6.243453025817871
rocket_tf,UCRArchive_2018,SmallKitchenAppliances,0.7871603365755752,0.7866666666666666,0.7866666666666667,6.042566776275635
rocket_tf,UCRArchive_2018,UWaveGestureLibraryAll,0.9751344176599036,0.9748743718592964,0.9749448072977064,6.376088857650757
rocket_tf,UCRArchive_2018,Wine,0.7420689655172414,0.7407407407407407,0.7407407407407407,5.961081981658936
rocket_tf,UCRArchive_2018,WordSynonyms,0.7013971696619887,0.7492163009404389,0.608947314817017,6.114011287689209
rocket_tf,UCRArchive_2018,Worms,0.7545221445221446,0.7142857142857143,0.6794055944055944,5.972451686859131
rocket_tf,UCRArchive_2018,Adiac,0.7976040498099322,0.7800511508951407,0.7782897282897283,6.139452219009399
rocket_tf,UCRArchive_2018,Beef,0.8206349206349206,0.7666666666666667,0.7666666666666668,5.937503099441528
rocket_tf,UCRArchive_2018,BeetleFly,0.8846153846153846,0.85,0.85,5.9021196365356445
rocket_tf,UCRArchive_2018,BirdChicken,0.9166666666666669,0.9,0.9,5.992547273635864
rocket_tf,UCRArchive_2018,ChlorineConcentration,0.7961913967023587,0.8005208333333333,0.7518824662890197,6.178226709365845
rocket_tf,UCRArchive_2018,Computers,0.770492862218203,0.768,0.768,5.984927177429199
rocket_tf,UCRArchive_2018,CricketY,0.8351168685945026,0.8256410256410256,0.8266488112268555,6.040724754333496
rocket_tf,UCRArchive_2018,Crop,0.7412856678758963,0.7507142857142857,0.7507142857142858,45.2260856628418
rocket_tf,UCRArchive_2018,Earthquakes,0.3741007194244604,0.7482014388489209,0.5,6.000442266464233
rocket_tf,UCRArchive_2018,ECG200,0.8914930555555556,0.9,0.8914930555555556,5.888384580612183
rocket_tf,UCRArchive_2018,ECG5000,0.7346555324437902,0.9468888888888888,0.5773178573521695,6.147732257843018
rocket_tf,UCRArchive_2018,ElectricDevices,0.6826588162064617,0.7206587991181429,0.63552063846092,75.13801598548889
rocket_tf,UCRArchive_2018,Haptics,0.5318260971013646,0.5324675324675324,0.5302134836483857,5.963473796844482
rocket_tf,UCRArchive_2018,Herring,0.6583610188261351,0.671875,0.6447368421052632,5.977806329727173
rocket_tf,UCRArchive_2018,InlineSkate,0.476067542766046,0.4436363636363636,0.4524827717244627,6.055877208709717
rocket_tf,UCRArchive_2018,Lightning2,0.7742117117117118,0.7704918032786885,0.7635281385281385,5.961878538131714
rocket_tf,UCRArchive_2018,Lightning7,0.8352995044171515,0.821917808219178,0.8175438596491229,6.001195430755615
rocket_tf,UCRArchive_2018,MiddlePhalanxOutlineAgeGroup,0.5874811463046757,0.6233766233766234,0.4827197887542716,6.094029903411865
rocket_tf,UCRArchive_2018,MiddlePhalanxTW,0.3819258764111705,0.5584415584415584,0.3765349143610013,6.07829737663269
rocket_tf,UCRArchive_2018,MoteStrain,0.9163307615598592,0.9113418530351438,0.9073355157583928,5.9219231605529785
rocket_tf,UCRArchive_2018,OliveOil,0.9128787878787878,0.9,0.8541666666666666,5.903631448745728
rocket_tf,UCRArchive_2018,OSULeaf,0.9629070881226052,0.9545454545454546,0.9346179183135708,6.094205379486084
rocket_tf,UCRArchive_2018,Phoneme,0.1149613128564846,0.2827004219409282,0.1161292935474766,5.94554591178894
rocket_tf,UCRArchive_2018,ScreenType,0.4197798158208245,0.4213333333333333,0.4213333333333333,6.022802829742432
rocket_tf,UCRArchive_2018,ShapesAll,0.8977661921411921,0.8866666666666667,0.8866666666666667,6.212167501449585
rocket_tf,UCRArchive_2018,SmallKitchenAppliances,0.8266414454643183,0.8266666666666667,0.8266666666666668,6.039940595626831
rocket_tf,UCRArchive_2018,UWaveGestureLibraryAll,0.9762216595555736,0.9759910664433278,0.9760388805037244,6.321639060974121
rocket_tf,UCRArchive_2018,Wine,0.7596153846153846,0.7592592592592593,0.7592592592592593,5.986234188079834
rocket_tf,UCRArchive_2018,WordSynonyms,0.742384093227378,0.7492163009404389,0.6059835914059252,6.024179220199585
rocket_tf,UCRArchive_2018,Worms,0.6884684684684685,0.6883116883116883,0.6722843822843823,6.0327441692352295
